Disease Name,Severity Level,Symptoms,Recommended Medications,Required Food,Safety Precautions,Recommended Doctor,Treatment Plan,Follow-Up Recommendations,Patient Education,Recovery Time
Asbestosis,Moderate to Severe,"{'Early': 'Shortness of breath, dry cough.', 'Progressing': 'Persistent cough, chest pain, and difficulty breathing.', 'Severe': 'Severe respiratory issues, respiratory failure.'}","{'First-Line': 'Cough suppressants, bronchodilators.', 'Alternative': 'Oxygen therapy for advanced cases.'}","{'Healthy Diet': 'Include foods rich in antioxidants and vitamins to support lung health.', 'Avoid Pollutants': 'Minimize exposure to environmental pollutants.'}","{'Avoid Exposure': 'Avoid contact with asbestos-containing materials.', 'Regular Monitoring': 'Routine lung function tests and imaging studies.'}","{'Primary Specialist': 'Pulmonologist.', 'Additional Specialists': 'Respiratory therapist for managing symptoms.'}","{'Initial Care': 'Start with managing symptoms and avoiding further exposure.', 'Ongoing Care': 'Regular follow-ups to monitor lung function.', 'Hospitalization': 'Required for severe respiratory issues or complications.'}","{'Monitoring': 'Regular lung function tests and imaging studies.', 'Additional Tests': 'CT scans to assess lung damage.'}","{'Disease Management': 'Understanding the importance of avoiding asbestos exposure.', 'Lifestyle Adjustments': 'Importance of avoiding pollutants and maintaining lung health.'}",Chronic condition with ongoing management.
Silicosis,Moderate to Severe,"{'Early': 'Shortness of breath, cough.', 'Progressing': 'Severe coughing, chest pain, and difficulty breathing.', 'Severe': 'Severe respiratory distress, pulmonary fibrosis.'}","{'First-Line': 'Cough suppressants, bronchodilators.', 'Alternative': 'Oxygen therapy and corticosteroids for severe cases.'}","{'Healthy Diet': 'Include nutrient-rich foods to support lung health.', 'Avoid Pollutants': 'Reduce exposure to harmful dust and pollutants.'}","{'Avoid Exposure': 'Avoid inhaling silica dust.', 'Regular Monitoring': 'Routine lung function tests and imaging studies.'}","{'Primary Specialist': 'Pulmonologist.', 'Additional Specialists': 'Respiratory therapist for managing symptoms.'}","{'Initial Care': 'Manage symptoms and reduce exposure to silica dust.', 'Ongoing Care': 'Regular monitoring of lung function and symptoms.', 'Hospitalization': 'Required for severe cases or complications.'}","{'Monitoring': 'Regular lung function tests and imaging studies.', 'Additional Tests': 'Chest X-rays and CT scans.'}","{'Disease Management': 'Understanding the risks of silica exposure and its effects.', 'Lifestyle Adjustments': 'Importance of minimizing exposure to silica dust.'}",Chronic condition with ongoing management.
Lead Poisoning,Mild to Severe,"{'Early': 'Headaches, stomach pain, fatigue.', 'Progressing': 'Memory problems, irritability, abdominal pain.', 'Severe': 'Severe neurological issues, anemia, developmental delays in children.'}","{'First-Line': 'Chelating agents for lead removal.', 'Alternative': 'Supportive care for symptoms.'}","{'Balanced Diet': 'Include calcium-rich foods to reduce lead absorption.', 'Avoid Contaminated Food': 'Ensure food is free from lead contamination.'}","{'Avoid Exposure': 'Reduce contact with lead-containing materials.', 'Regular Monitoring': 'Routine blood tests to monitor lead levels.'}","{'Primary Specialist': 'Toxicologist.', 'Additional Specialists': 'Pediatrician for children, neurologist for neurological symptoms.'}","{'Initial Care': 'Start with chelation therapy and supportive care.', 'Ongoing Care': 'Regular monitoring of blood lead levels and symptoms.', 'Hospitalization': 'Required for severe poisoning or complications.'}","{'Monitoring': 'Regular blood tests and clinical evaluations.', 'Additional Tests': 'Neurodevelopmental assessments for children.'}","{'Lead Poisoning Management': 'Understanding how to avoid lead exposure and manage symptoms.', 'Lifestyle Adjustments': 'Importance of lead-free living environments.'}",Varies depending on severity and treatment adherence.
Radon Poisoning,Mild to Severe,"{'Early': 'No specific symptoms.', 'Progressing': 'Persistent cough, chest pain, breathing difficulties.', 'Severe': 'Lung cancer, severe respiratory issues.'}","{'First-Line': 'Supportive care for symptoms.', 'Alternative': 'Treatment for lung cancer if applicable.'}","{'Healthy Diet': 'Include foods that support lung health.', 'Avoid Pollutants': 'Minimize exposure to radon and other environmental toxins.'}","{'Radon Testing': 'Test home for radon levels and mitigate if necessary.', 'Regular Monitoring': 'Routine lung function tests and imaging studies.'}","{'Primary Specialist': 'Pulmonologist.', 'Additional Specialists': 'Oncologist for lung cancer treatment.'}","{'Initial Care': 'Address radon exposure and manage symptoms.', 'Ongoing Care': 'Regular monitoring and treatment for lung cancer if diagnosed.', 'Hospitalization': 'Required for severe respiratory issues or cancer treatment.'}","{'Monitoring': 'Regular lung function tests and imaging studies.', 'Additional Tests': 'CT scans for lung cancer detection.'}","{'Radon Poisoning Management': 'Understanding the risks of radon exposure and its effects.', 'Lifestyle Adjustments': 'Importance of radon testing and mitigation in living spaces.'}",Varies depending on severity and treatment.
Carbon Monoxide Poisoning,Mild to Severe,"{'Early': 'Headaches, dizziness, nausea.', 'Progressing': 'Confusion, shortness of breath, loss of consciousness.', 'Severe': 'Severe neurological issues, cardiovascular complications.'}","{'First-Line': 'Oxygen therapy.', 'Alternative': 'Supportive care for neurological symptoms.'}","{'Balanced Diet': 'No specific dietary requirements.', 'Avoid Pollutants': 'Ensure proper ventilation to prevent carbon monoxide buildup.'}","{'Avoid Exposure': 'Ensure good ventilation and install carbon monoxide detectors.', 'Regular Monitoring': 'Routine evaluations for symptoms and potential complications.'}","{'Primary Specialist': 'Emergency Medicine Specialist.', 'Additional Specialists': 'Neurologist for neurological symptoms.'}","{'Initial Care': 'Immediate administration of oxygen therapy.', 'Ongoing Care': 'Regular follow-ups to manage symptoms and monitor recovery.', 'Hospitalization': 'Required for severe poisoning and complications.'}","{'Monitoring': 'Regular assessments for neurological and cardiovascular health.', 'Additional Tests': 'Blood tests to monitor recovery.'}","{'Carbon Monoxide Poisoning Management': 'Understanding the dangers of carbon monoxide and prevention methods.', 'Lifestyle Adjustments': 'Importance of proper ventilation and carbon monoxide detectors.'}",Varies depending on severity and treatment adherence.
Chronic Obstructive Pulmonary Disease (COPD),Mild to Severe,"{'Early': 'Chronic cough, shortness of breath.', 'Progressing': 'Increased cough, difficulty breathing even with minimal activity.', 'Severe': 'Severe respiratory distress, frequent exacerbations.'}","{'First-Line': 'Bronchodilators, inhaled corticosteroids.', 'Alternative': 'Oxygen therapy for advanced cases.'}","{'Healthy Diet': 'Include a balanced diet to support overall health.', 'Avoid Irritants': 'Minimize exposure to environmental pollutants and irritants.'}","{'Avoid Exposure': 'Avoid smoking and exposure to harmful pollutants.', 'Regular Monitoring': 'Routine lung function tests and symptom management.'}","{'Primary Specialist': 'Pulmonologist.', 'Additional Specialists': 'Respiratory therapist for managing symptoms.'}","{'Initial Care': 'Start with medications and lifestyle changes.', 'Ongoing Care': 'Regular monitoring and management of symptoms.', 'Hospitalization': 'Required for severe exacerbations or complications.'}","{'Monitoring': 'Regular lung function tests and clinical evaluations.', 'Additional Tests': 'Imaging studies for assessing disease progression.'}","{'COPD Management': 'Understanding the importance of medications and lifestyle changes.', 'Lifestyle Adjustments': 'Avoiding irritants and maintaining lung health.'}",Chronic condition with ongoing management.
Berylliosis,Mild to Severe,"{'Early': 'Shortness of breath, dry cough.', 'Progressing': 'Severe cough, weight loss, chest pain.', 'Severe': 'Severe respiratory distress, potential lung fibrosis.'}","{'First-Line': 'Corticosteroids to reduce inflammation.', 'Alternative': 'Oxygen therapy for severe cases.'}","{'Healthy Diet': 'Include foods rich in antioxidants and vitamins.', 'Avoid Pollutants': 'Minimize exposure to beryllium dust.'}","{'Avoid Exposure': 'Avoid inhaling beryllium dust.', 'Regular Monitoring': 'Routine lung function tests and imaging studies.'}","{'Primary Specialist': 'Pulmonologist.', 'Additional Specialists': 'Respiratory therapist for managing symptoms.'}","{'Initial Care': 'Start with managing symptoms and avoiding further exposure.', 'Ongoing Care': 'Regular monitoring of lung function and symptoms.', 'Hospitalization': 'Required for severe cases or complications.'}","{'Monitoring': 'Regular lung function tests and imaging studies.', 'Additional Tests': 'Chest X-rays and CT scans.'}","{'Disease Management': 'Understanding the risks of beryllium exposure and its effects.', 'Lifestyle Adjustments': 'Importance of avoiding exposure and maintaining lung health.'}",Chronic condition with ongoing management.
Ozone-Induced Asthma,Mild to Severe,"{'Early': 'Wheezing, shortness of breath.', 'Progressing': 'Increased asthma attacks, chest tightness.', 'Severe': 'Severe respiratory distress, frequent hospitalizations.'}","{'First-Line': 'Inhaled corticosteroids, bronchodilators.', 'Alternative': 'Oxygen therapy during severe attacks.'}","{'Balanced Diet': 'Include foods rich in antioxidants and omega-3 fatty acids.', 'Avoid Pollutants': 'Minimize exposure to ozone and other air pollutants.'}","{'Avoid Exposure': 'Limit outdoor activities during high ozone levels.', 'Regular Monitoring': 'Routine asthma assessments and medication adjustments.'}","{'Primary Specialist': 'Pulmonologist.', 'Additional Specialists': 'Allergist for managing asthma triggers.'}","{'Initial Care': 'Start with managing asthma symptoms and avoiding triggers.', 'Ongoing Care': 'Regular follow-ups to monitor asthma control.', 'Hospitalization': 'Required for severe asthma attacks or complications.'}","{'Monitoring': 'Regular asthma assessments and medication adjustments.', 'Additional Tests': 'Pulmonary function tests.'}","{'Asthma Management': 'Understanding how to manage asthma and avoid triggers.', 'Lifestyle Adjustments': 'Importance of avoiding ozone exposure and maintaining medication adherence.'}",Varies depending on severity and treatment adherence.
Pneumoconiosis,Mild to Severe,"{'Early': 'Persistent cough, shortness of breath.', 'Progressing': 'Chest pain, difficulty breathing even with minimal activity.', 'Severe': 'Severe respiratory distress, lung fibrosis.'}","{'First-Line': 'Bronchodilators, cough suppressants.', 'Alternative': 'Oxygen therapy and corticosteroids for severe cases.'}","{'Healthy Diet': 'Include nutrient-rich foods to support lung health.', 'Avoid Pollutants': 'Minimize exposure to harmful dust and pollutants.'}","{'Avoid Exposure': 'Avoid inhaling dust and pollutants.', 'Regular Monitoring': 'Routine lung function tests and imaging studies.'}","{'Primary Specialist': 'Pulmonologist.', 'Additional Specialists': 'Respiratory therapist for managing symptoms.'}","{'Initial Care': 'Manage symptoms and reduce exposure to harmful dust.', 'Ongoing Care': 'Regular monitoring of lung function and symptoms.', 'Hospitalization': 'Required for severe cases or complications.'}","{'Monitoring': 'Regular lung function tests and clinical evaluations.', 'Additional Tests': 'Chest X-rays and CT scans.'}","{'Disease Management': 'Understanding the risks of dust exposure and its effects.', 'Lifestyle Adjustments': 'Importance of avoiding dust and maintaining lung health.'}",Chronic condition with ongoing management.
Formaldehyde Poisoning,Mild to Severe,"{'Early': 'Eye irritation, throat discomfort.', 'Progressing': 'Respiratory issues, skin irritation.', 'Severe': 'Severe respiratory distress, potential systemic effects.'}","{'First-Line': 'Symptomatic treatment with antihistamines and bronchodilators.', 'Alternative': 'Oxygen therapy for severe cases.'}","{'Balanced Diet': 'No specific dietary requirements.', 'Avoid Pollutants': 'Ensure proper ventilation to prevent formaldehyde exposure.'}","{'Avoid Exposure': 'Reduce contact with formaldehyde-containing materials.', 'Regular Monitoring': 'Routine evaluations for symptoms and potential complications.'}","{'Primary Specialist': 'Toxicologist.', 'Additional Specialists': 'Pulmonologist for respiratory symptoms.'}","{'Initial Care': 'Immediate management of symptoms and avoidance of formaldehyde.', 'Ongoing Care': 'Regular follow-ups to monitor symptoms and recovery.', 'Hospitalization': 'Required for severe symptoms or complications.'}","{'Monitoring': 'Regular assessments for respiratory and systemic health.', 'Additional Tests': 'Blood tests and imaging studies if needed.'}","{'Formaldehyde Poisoning Management': 'Understanding the risks of formaldehyde exposure and prevention methods.', 'Lifestyle Adjustments': 'Importance of good ventilation and avoiding formaldehyde sources.'}",Varies depending on severity and treatment adherence.
Mold-Related Illness,Mild to Severe,"{'Early': 'Allergic reactions, coughing, nasal congestion.', 'Progressing': 'Worsening respiratory symptoms, skin irritation.', 'Severe': 'Severe respiratory issues, potential lung infections.'}","{'First-Line': 'Antihistamines, nasal corticosteroids.', 'Alternative': 'Antifungal medications if a fungal infection is present.'}","{'Balanced Diet': 'No specific dietary requirements.', 'Avoid Pollutants': 'Minimize exposure to mold and damp environments.'}","{'Avoid Exposure': 'Remove or remediate mold in living areas.', 'Regular Monitoring': 'Routine evaluations for respiratory symptoms and allergies.'}","{'Primary Specialist': 'Allergist.', 'Additional Specialists': 'Pulmonologist for severe respiratory issues.'}","{'Initial Care': 'Manage symptoms and reduce mold exposure.', 'Ongoing Care': 'Regular follow-ups to monitor respiratory health.', 'Hospitalization': 'Required for severe cases or complications.'}","{'Monitoring': 'Regular assessments for respiratory health and allergy management.', 'Additional Tests': 'Allergy testing and imaging studies if needed.'}","{'Mold-Related Illness Management': 'Understanding the risks of mold exposure and its effects.', 'Lifestyle Adjustments': 'Importance of mold remediation and avoiding damp environments.'}",Varies depending on severity and treatment adherence.
Noise-Induced Hearing Loss,Mild to Severe,"{'Early': 'Temporary hearing loss or ringing in the ears.', 'Progressing': 'Persistent hearing loss, difficulty understanding speech.', 'Severe': 'Significant hearing impairment, potential complete deafness.'}","{'First-Line': 'No specific medications; hearing aids may be recommended.', 'Alternative': 'Cochlear implants for severe cases.'}","{'Healthy Diet': 'Include foods rich in vitamins that support auditory health.', 'Avoid Noise': 'Minimize exposure to loud environments and noise pollution.'}","{'Avoid Exposure': 'Use hearing protection in noisy environments.', 'Regular Monitoring': 'Routine hearing tests to monitor hearing loss.'}","{'Primary Specialist': 'Otolaryngologist (ENT specialist).', 'Additional Specialists': 'Audiologist for hearing assessments.'}","{'Initial Care': 'Manage symptoms and avoid further noise exposure.', 'Ongoing Care': 'Regular hearing assessments and use of hearing aids or implants.', 'Hospitalization': 'Not typically required unless severe complications arise.'}","{'Monitoring': 'Regular hearing tests and adjustment of hearing aids if used.', 'Additional Tests': 'Audiometric evaluations.'}","{'Hearing Loss Management': 'Understanding the importance of protecting hearing and managing hearing loss.', 'Lifestyle Adjustments': 'Importance of avoiding loud environments and using hearing protection.'}",Varies depending on severity and treatment.
Chemical Burn,Mild to Severe,"{'Early': 'Skin irritation, redness, and pain.', 'Progressing': 'Blistering, deep tissue damage.', 'Severe': 'Severe pain, extensive skin damage, potential systemic effects.'}","{'First-Line': 'Pain relief and topical treatments for burns.', 'Alternative': 'Systemic antibiotics if infection occurs.'}","{'Healthy Diet': 'Include foods rich in nutrients to support skin healing.', 'Avoid Irritants': 'Ensure a clean environment to prevent infection.'}","{'Avoid Exposure': 'Handle chemicals with proper protective equipment.', 'Immediate Care': 'Rinse affected area with water and seek medical attention.'}","{'Primary Specialist': 'Dermatologist.', 'Additional Specialists': 'Burn specialist if extensive damage occurs.'}","{'Initial Care': 'Immediate decontamination and pain management.', 'Ongoing Care': 'Regular wound care and monitoring for infections.', 'Hospitalization': 'Required for severe burns or systemic effects.'}","{'Monitoring': 'Regular wound assessments and skin evaluations.', 'Additional Tests': 'Blood tests to monitor for systemic effects.'}","{'Burn Management': 'Understanding how to manage chemical burns and prevent infections.', 'Lifestyle Adjustments': 'Importance of using protective gear and handling chemicals safely.'}",Varies depending on severity and treatment adherence.
Hydrocarbon Poisoning,Mild to Severe,"{'Early': 'Nausea, dizziness, headache.', 'Progressing': 'Respiratory issues, chest pain, confusion.', 'Severe': 'Severe respiratory distress, potential organ damage.'}","{'First-Line': 'Symptomatic treatment, including oxygen therapy.', 'Alternative': 'Supportive care for severe symptoms.'}","{'Balanced Diet': 'No specific dietary requirements.', 'Avoid Pollutants': 'Ensure proper ventilation to prevent hydrocarbon exposure.'}","{'Avoid Exposure': 'Minimize contact with hydrocarbon substances.', 'Immediate Care': 'Seek medical attention if poisoning occurs.'}","{'Primary Specialist': 'Toxicologist.', 'Additional Specialists': 'Pulmonologist for respiratory symptoms.'}","{'Initial Care': 'Immediate management of symptoms and avoidance of further exposure.', 'Ongoing Care': 'Regular monitoring and supportive care.', 'Hospitalization': 'Required for severe symptoms or complications.'}","{'Monitoring': 'Regular assessments for respiratory and systemic health.', 'Additional Tests': 'Blood tests and imaging studies if needed.'}","{'Hydrocarbon Poisoning Management': 'Understanding the risks of hydrocarbon exposure and prevention methods.', 'Lifestyle Adjustments': 'Importance of minimizing exposure and ensuring proper ventilation.'}",Varies depending on severity and treatment adherence.
Acute Chemical Toxicity,Mild to Severe,"{'Early': 'Nausea, vomiting, headache.', 'Progressing': 'Difficulty breathing, chest pain, confusion.', 'Severe': 'Severe respiratory distress, potential organ failure.'}","{'First-Line': 'Symptomatic treatment and antidotes if available.', 'Alternative': 'Supportive care for severe cases.'}","{'Balanced Diet': 'No specific dietary requirements.', 'Avoid Pollutants': 'Ensure proper handling and storage of chemicals.'}","{'Avoid Exposure': 'Minimize contact with toxic chemicals.', 'Immediate Care': 'Seek medical attention if symptoms occur.'}","{'Primary Specialist': 'Toxicologist.', 'Additional Specialists': 'Emergency medicine specialist for severe cases.'}","{'Initial Care': 'Immediate decontamination and symptomatic treatment.', 'Ongoing Care': 'Regular follow-ups to monitor recovery.', 'Hospitalization': 'Required for severe symptoms or complications.'}","{'Monitoring': 'Regular assessments for symptoms and potential complications.', 'Additional Tests': 'Blood tests and imaging studies if needed.'}","{'Chemical Toxicity Management': 'Understanding the risks of chemical exposure and prevention methods.', 'Lifestyle Adjustments': 'Importance of safe handling and storage of chemicals.'}",Varies depending on severity and treatment adherence.
Air Pollution-Related Health Issues,Mild to Severe,"{'Early': 'Irritated eyes, throat discomfort, cough.', 'Progressing': 'Respiratory issues, worsening of existing conditions like asthma.', 'Severe': 'Severe respiratory distress, cardiovascular complications.'}","{'First-Line': 'Inhaled corticosteroids, bronchodilators.', 'Alternative': 'Oxygen therapy for severe cases.'}","{'Balanced Diet': 'Include foods rich in antioxidants to combat pollution effects.', 'Avoid Pollutants': 'Minimize exposure to polluted air.'}","{'Avoid Exposure': 'Limit outdoor activities during high pollution days.', 'Regular Monitoring': 'Routine health check-ups and management of existing conditions.'}","{'Primary Specialist': 'Pulmonologist.', 'Additional Specialists': 'Cardiologist for cardiovascular issues.'}","{'Initial Care': 'Manage symptoms and reduce exposure to pollutants.', 'Ongoing Care': 'Regular follow-ups to monitor respiratory and cardiovascular health.', 'Hospitalization': 'Required for severe respiratory issues or complications.'}","{'Monitoring': 'Regular health assessments and symptom management.', 'Additional Tests': 'Pulmonary function tests and cardiovascular evaluations.'}","{'Pollution-Related Health Issues Management': 'Understanding the impact of air pollution on health and preventive measures.', 'Lifestyle Adjustments': 'Importance of minimizing exposure to air pollutants and managing existing health conditions.'}",Varies depending on severity and treatment adherence.
Chemical Pneumonitis,Mild to Severe,"{'Early': 'Cough, fever, shortness of breath.', 'Progressing': 'Worsening respiratory symptoms, chest pain.', 'Severe': 'Severe respiratory distress, potential lung damage.'}","{'First-Line': 'Corticosteroids to reduce inflammation.', 'Alternative': 'Oxygen therapy for severe cases.'}","{'Healthy Diet': 'Include foods that support lung health.', 'Avoid Pollutants': 'Minimize exposure to chemical fumes and pollutants.'}","{'Avoid Exposure': 'Use protective equipment when handling chemicals.', 'Immediate Care': 'Seek medical attention if symptoms occur.'}","{'Primary Specialist': 'Pulmonologist.', 'Additional Specialists': 'Respiratory therapist for managing symptoms.'}","{'Initial Care': 'Immediate management of symptoms and reduction of exposure.', 'Ongoing Care': 'Regular monitoring of lung function and symptoms.', 'Hospitalization': 'Required for severe cases or complications.'}","{'Monitoring': 'Regular lung function tests and clinical evaluations.', 'Additional Tests': 'Chest X-rays and CT scans.'}","{'Chemical Pneumonitis Management': 'Understanding the risks of chemical exposure and prevention methods.', 'Lifestyle Adjustments': 'Importance of avoiding exposure and maintaining lung health.'}",Varies depending on severity and treatment adherence.
Industrial Dust-Related Lung Disease,Mild to Severe,"{'Early': 'Cough, shortness of breath.', 'Progressing': 'Worsening respiratory symptoms, chest pain.', 'Severe': 'Severe respiratory distress, lung fibrosis.'}","{'First-Line': 'Bronchodilators, corticosteroids.', 'Alternative': 'Oxygen therapy for severe cases.'}","{'Healthy Diet': 'Include foods rich in nutrients to support lung health.', 'Avoid Pollutants': 'Minimize exposure to dust and pollutants.'}","{'Avoid Exposure': 'Use protective equipment in dusty environments.', 'Regular Monitoring': 'Routine lung function tests and imaging studies.'}","{'Primary Specialist': 'Pulmonologist.', 'Additional Specialists': 'Respiratory therapist for managing symptoms.'}","{'Initial Care': 'Manage symptoms and reduce exposure to dust.', 'Ongoing Care': 'Regular monitoring of lung function and symptoms.', 'Hospitalization': 'Required for severe cases or complications.'}","{'Monitoring': 'Regular lung function tests and clinical evaluations.', 'Additional Tests': 'Chest X-rays and CT scans.'}","{'Dust-Related Lung Disease Management': 'Understanding the risks of dust exposure and its effects.', 'Lifestyle Adjustments': 'Importance of avoiding dust and maintaining lung health.'}",Chronic condition with ongoing management.
Lead Poisoning,Mild to Severe,"{'Early': 'Abdominal pain, headache, fatigue.', 'Progressing': 'Persistent abdominal pain, memory problems, irritability.', 'Severe': 'Severe neurological symptoms, developmental delays in children.'}","{'First-Line': 'Chelating agents like EDTA or DMSA.', 'Alternative': 'Supportive care for severe symptoms.'}","{'Healthy Diet': 'Include foods rich in iron and calcium to reduce lead absorption.', 'Avoid Contaminants': 'Minimize exposure to lead sources.'}","{'Avoid Exposure': 'Avoid contact with lead-based materials.', 'Immediate Care': 'Seek medical evaluation if lead exposure is suspected.'}","{'Primary Specialist': 'Toxicologist.', 'Additional Specialists': 'Pediatrician for children.'}","{'Initial Care': 'Immediate removal from lead exposure and chelation therapy.', 'Ongoing Care': 'Regular monitoring of lead levels and follow-up care.', 'Hospitalization': 'Required for severe cases or complications.'}","{'Monitoring': 'Regular blood tests to monitor lead levels.', 'Additional Tests': 'Neuropsychological assessments if symptoms persist.'}","{'Lead Poisoning Management': 'Understanding the sources of lead and preventive measures.', 'Lifestyle Adjustments': 'Importance of maintaining a lead-free environment.'}",Varies depending on severity and treatment adherence.
Asbestos-Related Lung Disease,Mild to Severe,"{'Early': 'Cough, shortness of breath.', 'Progressing': 'Worsening respiratory symptoms, chest pain.', 'Severe': 'Severe respiratory distress, lung fibrosis, or cancer.'}","{'First-Line': 'Bronchodilators, corticosteroids.', 'Alternative': 'Oxygen therapy for severe cases.'}","{'Healthy Diet': 'Include foods rich in antioxidants to support lung health.', 'Avoid Pollutants': 'Minimize exposure to asbestos and other pollutants.'}","{'Avoid Exposure': 'Use protective equipment when handling asbestos.', 'Regular Monitoring': 'Routine lung function tests and imaging studies.'}","{'Primary Specialist': 'Pulmonologist.', 'Additional Specialists': 'Respiratory therapist for managing symptoms.'}","{'Initial Care': 'Manage symptoms and reduce exposure to asbestos.', 'Ongoing Care': 'Regular monitoring of lung function and symptoms.', 'Hospitalization': 'Required for severe cases or complications.'}","{'Monitoring': 'Regular lung function tests and clinical evaluations.', 'Additional Tests': 'Chest X-rays and CT scans.'}","{'Asbestos-Related Disease Management': 'Understanding the risks of asbestos exposure and its effects.', 'Lifestyle Adjustments': 'Importance of avoiding asbestos and maintaining lung health.'}",Chronic condition with ongoing management.
Noise-Induced Hearing Loss,Mild to Severe,"{'Early': 'Temporary hearing loss or ringing in the ears.', 'Progressing': 'Persistent hearing loss, difficulty understanding speech.', 'Severe': 'Significant hearing impairment, potential complete deafness.'}","{'First-Line': 'No specific medications; hearing aids may be recommended.', 'Alternative': 'Cochlear implants for severe cases.'}","{'Healthy Diet': 'Include foods rich in vitamins that support auditory health.', 'Avoid Noise': 'Minimize exposure to loud environments and noise pollution.'}","{'Avoid Exposure': 'Use hearing protection in noisy environments.', 'Regular Monitoring': 'Routine hearing tests to monitor hearing loss.'}","{'Primary Specialist': 'Otolaryngologist (ENT specialist).', 'Additional Specialists': 'Audiologist for hearing assessments.'}","{'Initial Care': 'Manage symptoms and avoid further noise exposure.', 'Ongoing Care': 'Regular hearing assessments and use of hearing aids or implants.', 'Hospitalization': 'Not typically required unless severe complications arise.'}","{'Monitoring': 'Regular hearing tests and adjustment of hearing aids if used.', 'Additional Tests': 'Audiometric evaluations.'}","{'Hearing Loss Management': 'Understanding the importance of protecting hearing and managing hearing loss.', 'Lifestyle Adjustments': 'Importance of avoiding loud environments and using hearing protection.'}",Varies depending on severity and treatment.
Chemical Burn,Mild to Severe,"{'Early': 'Skin irritation, redness, and pain.', 'Progressing': 'Blistering, deep tissue damage.', 'Severe': 'Severe pain, extensive skin damage, potential systemic effects.'}","{'First-Line': 'Pain relief and topical treatments for burns.', 'Alternative': 'Systemic antibiotics if infection occurs.'}","{'Healthy Diet': 'Include foods rich in nutrients to support skin healing.', 'Avoid Irritants': 'Ensure a clean environment to prevent infection.'}","{'Avoid Exposure': 'Handle chemicals with proper protective equipment.', 'Immediate Care': 'Rinse affected area with water and seek medical attention.'}","{'Primary Specialist': 'Dermatologist.', 'Additional Specialists': 'Burn specialist if extensive damage occurs.'}","{'Initial Care': 'Immediate decontamination and pain management.', 'Ongoing Care': 'Regular wound care and monitoring for infections.', 'Hospitalization': 'Required for severe burns or systemic effects.'}","{'Monitoring': 'Regular wound assessments and skin evaluations.', 'Additional Tests': 'Blood tests to monitor for systemic effects.'}","{'Burn Management': 'Understanding how to manage chemical burns and prevent infections.', 'Lifestyle Adjustments': 'Importance of using protective gear and handling chemicals safely.'}",Varies depending on severity and treatment adherence.
Hydrocarbon Poisoning,Mild to Severe,"{'Early': 'Nausea, dizziness, headache.', 'Progressing': 'Respiratory issues, chest pain, confusion.', 'Severe': 'Severe respiratory distress, potential organ damage.'}","{'First-Line': 'Symptomatic treatment, including oxygen therapy.', 'Alternative': 'Supportive care for severe symptoms.'}","{'Balanced Diet': 'No specific dietary requirements.', 'Avoid Pollutants': 'Ensure proper ventilation to prevent hydrocarbon exposure.'}","{'Avoid Exposure': 'Minimize contact with hydrocarbon substances.', 'Immediate Care': 'Seek medical attention if poisoning occurs.'}","{'Primary Specialist': 'Toxicologist.', 'Additional Specialists': 'Pulmonologist for respiratory symptoms.'}","{'Initial Care': 'Immediate management of symptoms and avoidance of further exposure.', 'Ongoing Care': 'Regular monitoring and supportive care.', 'Hospitalization': 'Required for severe symptoms or complications.'}","{'Monitoring': 'Regular assessments for respiratory and systemic health.', 'Additional Tests': 'Blood tests and imaging studies if needed.'}","{'Hydrocarbon Poisoning Management': 'Understanding the risks of hydrocarbon exposure and prevention methods.', 'Lifestyle Adjustments': 'Importance of minimizing exposure and ensuring proper ventilation.'}",Varies depending on severity and treatment adherence.
Acute Chemical Toxicity,Mild to Severe,"{'Early': 'Nausea, vomiting, headache.', 'Progressing': 'Difficulty breathing, chest pain, confusion.', 'Severe': 'Severe respiratory distress, potential organ failure.'}","{'First-Line': 'Symptomatic treatment and antidotes if available.', 'Alternative': 'Supportive care for severe cases.'}","{'Balanced Diet': 'No specific dietary requirements.', 'Avoid Pollutants': 'Ensure proper handling and storage of chemicals.'}","{'Avoid Exposure': 'Minimize contact with toxic chemicals.', 'Immediate Care': 'Seek medical attention if symptoms occur.'}","{'Primary Specialist': 'Toxicologist.', 'Additional Specialists': 'Emergency medicine specialist if severe.'}","{'Initial Care': 'Immediate management of symptoms and avoidance of further exposure.', 'Ongoing Care': 'Regular monitoring and supportive care.', 'Hospitalization': 'Required for severe symptoms or complications.'}","{'Monitoring': 'Regular assessments of health status.', 'Additional Tests': 'Blood tests and imaging studies if needed.'}","{'Chemical Toxicity Management': 'Understanding the risks of chemical exposure and preventive measures.', 'Lifestyle Adjustments': 'Importance of handling chemicals safely and seeking prompt medical care.'}",Varies depending on severity and treatment adherence.
Ozone Exposure-Related Illnesses,Mild to Severe,"{'Early': 'Irritation of eyes, throat, and lungs.', 'Progressing': 'Worsening respiratory symptoms, coughing, shortness of breath.', 'Severe': 'Severe respiratory distress, exacerbation of chronic lung diseases.'}","{'First-Line': 'Bronchodilators, corticosteroids.', 'Alternative': 'Oxygen therapy for severe cases.'}","{'Healthy Diet': 'Include foods rich in antioxidants to support lung health.', 'Avoid Pollutants': 'Minimize exposure to ozone and other air pollutants.'}","{'Avoid Exposure': 'Limit outdoor activities on days with high ozone levels.', 'Regular Monitoring': 'Routine assessments of lung function and symptoms.'}","{'Primary Specialist': 'Pulmonologist.', 'Additional Specialists': 'Respiratory therapist for managing symptoms.'}","{'Initial Care': 'Manage symptoms and reduce exposure to ozone.', 'Ongoing Care': 'Regular monitoring of lung function and symptoms.', 'Hospitalization': 'Required for severe cases or complications.'}","{'Monitoring': 'Regular lung function tests and clinical evaluations.', 'Additional Tests': 'Chest X-rays and CT scans.'}","{'Ozone Exposure Management': 'Understanding the effects of ozone on health and prevention strategies.', 'Lifestyle Adjustments': 'Importance of minimizing exposure and maintaining lung health.'}",Varies depending on severity and treatment adherence.
Volatile Organic Compound Poisoning,Mild to Severe,"{'Early': 'Headache, dizziness, nausea.', 'Progressing': 'Respiratory symptoms, confusion, fatigue.', 'Severe': 'Severe respiratory distress, neurological symptoms.'}","{'First-Line': 'Symptomatic treatment, including oxygen therapy.', 'Alternative': 'Supportive care for severe symptoms.'}","{'Balanced Diet': 'No specific dietary requirements.', 'Avoid Pollutants': 'Ensure proper ventilation to reduce VOC exposure.'}","{'Avoid Exposure': 'Minimize contact with VOCs and ensure good indoor air quality.', 'Immediate Care': 'Seek medical attention if poisoning occurs.'}","{'Primary Specialist': 'Toxicologist.', 'Additional Specialists': 'Pulmonologist for respiratory symptoms.'}","{'Initial Care': 'Immediate management of symptoms and avoidance of further exposure.', 'Ongoing Care': 'Regular monitoring and supportive care.', 'Hospitalization': 'Required for severe symptoms or complications.'}","{'Monitoring': 'Regular assessments of respiratory and neurological health.', 'Additional Tests': 'Blood tests and imaging studies if needed.'}","{'VOC Poisoning Management': 'Understanding the risks of VOC exposure and prevention methods.', 'Lifestyle Adjustments': 'Importance of ensuring good indoor air quality and avoiding VOCs.'}",Varies depending on severity and treatment adherence.
Radon Exposure-Related Illnesses,Mild to Severe,"{'Early': 'None or mild respiratory symptoms.', 'Progressing': 'Worsening respiratory symptoms, persistent cough.', 'Severe': 'Severe respiratory distress, lung cancer.'}","{'First-Line': 'Treatment for symptoms and supportive care.', 'Alternative': 'Oncology treatments for lung cancer if present.'}","{'Healthy Diet': 'Include foods rich in antioxidants and nutrients.', 'Avoid Pollutants': 'Minimize exposure to radon and ensure good ventilation.'}","{'Avoid Exposure': 'Use radon detectors and mitigate high radon levels in homes.', 'Regular Monitoring': 'Routine assessments of respiratory health and radon levels.'}","{'Primary Specialist': 'Pulmonologist.', 'Additional Specialists': 'Oncologist if lung cancer is diagnosed.'}","{'Initial Care': 'Manage symptoms and reduce exposure to radon.', 'Ongoing Care': 'Regular monitoring of lung function and symptoms.', 'Hospitalization': 'Required for severe cases or complications.'}","{'Monitoring': 'Regular lung function tests and clinical evaluations.', 'Additional Tests': 'Chest X-rays and CT scans if symptoms persist.'}","{'Radon Exposure Management': 'Understanding the risks of radon and preventive measures.', 'Lifestyle Adjustments': 'Importance of radon mitigation and maintaining lung health.'}",Varies depending on severity and treatment adherence.
Heavy Metal Poisoning,Mild to Severe,"{'Early': 'Nausea, headache, abdominal pain.', 'Progressing': 'Neurological symptoms, persistent abdominal pain.', 'Severe': 'Organ damage, severe neurological effects.'}","{'First-Line': 'Chelating agents like EDTA or DMSA.', 'Alternative': 'Supportive care for severe symptoms.'}","{'Healthy Diet': 'Include foods rich in nutrients to support detoxification.', 'Avoid Contaminants': 'Minimize exposure to heavy metals.'}","{'Avoid Exposure': 'Minimize contact with sources of heavy metals.', 'Immediate Care': 'Seek medical attention if poisoning occurs.'}","{'Primary Specialist': 'Toxicologist.', 'Additional Specialists': 'Pediatrician for children if needed.'}","{'Initial Care': 'Immediate chelation therapy and symptom management.', 'Ongoing Care': 'Regular monitoring of metal levels and follow-up care.', 'Hospitalization': 'Required for severe cases or complications.'}","{'Monitoring': 'Regular blood tests to monitor metal levels.', 'Additional Tests': 'Neuropsychological assessments if neurological symptoms persist.'}","{'Heavy Metal Poisoning Management': 'Understanding sources of heavy metals and preventive measures.', 'Lifestyle Adjustments': 'Importance of avoiding exposure and supporting detoxification.'}",Varies depending on severity and treatment adherence.
Pesticide Poisoning,Mild to Severe,"{'Early': 'Nausea, headache, dizziness.', 'Progressing': 'Vomiting, diarrhea, muscle twitching.', 'Severe': 'Severe respiratory distress, convulsions, unconsciousness.'}","{'First-Line': 'Antidotes specific to the pesticide, supportive care.', 'Alternative': 'Symptomatic treatment and monitoring.'}","{'Balanced Diet': 'No specific dietary requirements.', 'Avoid Contaminants': 'Ensure proper handling and storage of pesticides.'}","{'Avoid Exposure': 'Use protective equipment and follow safety guidelines.', 'Immediate Care': 'Seek medical attention if poisoning occurs.'}","{'Primary Specialist': 'Toxicologist.', 'Additional Specialists': 'Emergency medicine specialist if severe.'}","{'Initial Care': 'Immediate decontamination and administration of antidotes.', 'Ongoing Care': 'Regular monitoring and supportive care.', 'Hospitalization': 'Required for severe symptoms or complications.'}","{'Monitoring': 'Regular assessments and follow-up care.', 'Additional Tests': 'Blood tests and clinical evaluations.'}","{'Pesticide Poisoning Management': 'Understanding the risks of pesticide exposure and preventive measures.', 'Lifestyle Adjustments': 'Importance of using protective gear and safe handling of pesticides.'}",Varies depending on severity and treatment adherence.
Formaldehyde Poisoning,Mild to Severe,"{'Early': 'Eye irritation, cough, throat discomfort.', 'Progressing': 'Respiratory distress, headache, dizziness.', 'Severe': 'Severe respiratory issues, systemic toxicity.'}","{'First-Line': 'Symptomatic treatment and supportive care.', 'Alternative': 'Oxygen therapy for severe cases.'}","{'Balanced Diet': 'No specific dietary requirements.', 'Avoid Contaminants': 'Ensure proper ventilation and minimize exposure.'}","{'Avoid Exposure': 'Use formaldehyde-free products and ensure good ventilation.', 'Immediate Care': 'Seek medical attention if symptoms occur.'}","{'Primary Specialist': 'Toxicologist.', 'Additional Specialists': 'Pulmonologist for respiratory symptoms.'}","{'Initial Care': 'Immediate removal from exposure and symptom management.', 'Ongoing Care': 'Regular monitoring of respiratory health.', 'Hospitalization': 'Required for severe symptoms or complications.'}","{'Monitoring': 'Regular assessments of respiratory function.', 'Additional Tests': 'Chest X-rays and clinical evaluations.'}","{'Formaldehyde Poisoning Management': 'Understanding the risks of formaldehyde exposure and prevention methods.', 'Lifestyle Adjustments': 'Importance of minimizing exposure and ensuring good ventilation.'}",Varies depending on severity and treatment adherence.
Carbon Monoxide Poisoning,Mild to Severe,"{'Early': 'Headache, dizziness, shortness of breath.', 'Progressing': 'Confusion, nausea, chest pain.', 'Severe': 'Severe neurological effects, loss of consciousness.'}","{'First-Line': 'Oxygen therapy, hyperbaric oxygen therapy in severe cases.', 'Alternative': 'Supportive care for neurological symptoms.'}","{'Balanced Diet': 'No specific dietary requirements.', 'Avoid Contaminants': 'Ensure proper ventilation and avoid sources of carbon monoxide.'}","{'Avoid Exposure': 'Install carbon monoxide detectors and ensure good ventilation.', 'Immediate Care': 'Seek medical attention immediately if poisoning occurs.'}","{'Primary Specialist': 'Toxicologist.', 'Additional Specialists': 'Emergency medicine specialist for acute cases.'}","{'Initial Care': 'Immediate oxygen therapy and removal from exposure.', 'Ongoing Care': 'Regular monitoring of neurological and respiratory health.', 'Hospitalization': 'Required for severe symptoms or complications.'}","{'Monitoring': 'Regular assessments of neurological and respiratory function.', 'Additional Tests': 'Blood tests and imaging studies if needed.'}","{'Carbon Monoxide Poisoning Management': 'Understanding the dangers of carbon monoxide and preventive measures.', 'Lifestyle Adjustments': 'Importance of using detectors and maintaining proper ventilation.'}",Varies depending on severity and treatment adherence.
Benzene Poisoning,Mild to Severe,"{'Early': 'Headache, dizziness, nausea.', 'Progressing': 'Bone marrow suppression, anemia.', 'Severe': 'Leukemia, severe blood disorders.'}","{'First-Line': 'Supportive care and management of blood disorders.', 'Alternative': 'Chemotherapy for severe cases if leukemia develops.'}","{'Balanced Diet': 'Include foods rich in nutrients to support blood health.', 'Avoid Contaminants': 'Minimize exposure to benzene and other pollutants.'}","{'Avoid Exposure': 'Use protective equipment and follow safety guidelines.', 'Immediate Care': 'Seek medical attention if poisoning occurs.'}","{'Primary Specialist': 'Hematologist.', 'Additional Specialists': 'Oncologist if leukemia or severe blood disorders develop.'}","{'Initial Care': 'Immediate removal from exposure and supportive care.', 'Ongoing Care': 'Regular monitoring of blood health and treatment of any blood disorders.', 'Hospitalization': 'Required for severe symptoms or complications.'}","{'Monitoring': 'Regular blood tests and follow-up care.', 'Additional Tests': 'Bone marrow assessments if necessary.'}","{'Benzene Poisoning Management': 'Understanding the risks of benzene exposure and preventive measures.', 'Lifestyle Adjustments': 'Importance of using protective gear and avoiding exposure.'}",Varies depending on severity and treatment adherence.
Chlorine Poisoning,Mild to Severe,"{'Early': 'Cough, throat irritation, eye irritation.', 'Progressing': 'Respiratory distress, chest pain, nausea.', 'Severe': 'Severe respiratory distress, pulmonary edema.'}","{'First-Line': 'Oxygen therapy, bronchodilators.', 'Alternative': 'Supportive care for severe respiratory symptoms.'}","{'Balanced Diet': 'No specific dietary requirements.', 'Avoid Contaminants': 'Ensure proper ventilation and avoid exposure to chlorine.'}","{'Avoid Exposure': 'Use protective equipment and ensure good ventilation.', 'Immediate Care': 'Seek medical attention if symptoms occur.'}","{'Primary Specialist': 'Pulmonologist.', 'Additional Specialists': 'Emergency medicine specialist for severe cases.'}","{'Initial Care': 'Immediate removal from exposure and management of symptoms.', 'Ongoing Care': 'Regular monitoring of respiratory health.', 'Hospitalization': 'Required for severe symptoms or complications.'}","{'Monitoring': 'Regular assessments of lung function.', 'Additional Tests': 'Chest X-rays and clinical evaluations.'}","{'Chlorine Poisoning Management': 'Understanding the risks of chlorine exposure and prevention methods.', 'Lifestyle Adjustments': 'Importance of minimizing exposure and maintaining good ventilation.'}",Varies depending on severity and treatment adherence.
Sulfur Dioxide Exposure,Mild to Severe,"{'Early': 'Cough, throat irritation, shortness of breath.', 'Progressing': 'Worsening respiratory symptoms, wheezing.', 'Severe': 'Severe respiratory distress, bronchospasm.'}","{'First-Line': 'Bronchodilators, corticosteroids.', 'Alternative': 'Oxygen therapy for severe cases.'}","{'Healthy Diet': 'Include foods rich in antioxidants to support lung health.', 'Avoid Pollutants': 'Minimize exposure to sulfur dioxide and other pollutants.'}","{'Avoid Exposure': 'Use protective equipment and ensure proper ventilation.', 'Immediate Care': 'Seek medical attention if symptoms occur.'}","{'Primary Specialist': 'Pulmonologist.', 'Additional Specialists': 'Respiratory therapist for managing symptoms.'}","{'Initial Care': 'Immediate management of symptoms and reduction of exposure.', 'Ongoing Care': 'Regular monitoring of lung function and symptoms.', 'Hospitalization': 'Required for severe cases or complications.'}","{'Monitoring': 'Regular lung function tests and clinical evaluations.', 'Additional Tests': 'Chest X-rays and CT scans.'}","{'Sulfur Dioxide Exposure Management': 'Understanding the effects of sulfur dioxide on health and preventive measures.', 'Lifestyle Adjustments': 'Importance of minimizing exposure and maintaining lung health.'}",Varies depending on severity and treatment adherence.
Asbestos-Related Diseases,Mild to Severe,"{'Early': 'Shortness of breath, cough.', 'Progressing': 'Worsening respiratory symptoms, chest pain.', 'Severe': 'Severe respiratory distress, pleural plaques, lung cancer.'}","{'First-Line': 'Symptomatic treatment and management of respiratory symptoms.', 'Alternative': 'Oncology treatments if lung cancer is diagnosed.'}","{'Healthy Diet': 'Include foods rich in antioxidants to support lung health.', 'Avoid Pollutants': 'Minimize exposure to asbestos and ensure proper handling.'}","{'Avoid Exposure': 'Use protective equipment and follow safety guidelines.', 'Immediate Care': 'Seek medical attention if symptoms occur.'}","{'Primary Specialist': 'Pulmonologist.', 'Additional Specialists': 'Oncologist if lung cancer or severe conditions develop.'}","{'Initial Care': 'Manage symptoms and reduce exposure to asbestos.', 'Ongoing Care': 'Regular monitoring of lung function and symptoms.', 'Hospitalization': 'Required for severe cases or complications.'}","{'Monitoring': 'Regular lung function tests and clinical evaluations.', 'Additional Tests': 'Chest X-rays and CT scans if symptoms persist.'}","{'Asbestos-Related Diseases Management': 'Understanding the risks of asbestos exposure and prevention methods.', 'Lifestyle Adjustments': 'Importance of minimizing exposure and maintaining lung health.'}",Varies depending on severity and treatment adherence.
Mold-Related Illnesses,Mild to Severe,"{'Early': 'Allergic reactions, coughing, nasal congestion.', 'Progressing': 'Worsening respiratory symptoms, fatigue.', 'Severe': 'Severe respiratory distress, asthma exacerbation.'}","{'First-Line': 'Antihistamines, corticosteroids.', 'Alternative': 'Bronchodilators and oxygen therapy for severe cases.'}","{'Balanced Diet': 'No specific dietary requirements.', 'Avoid Contaminants': 'Ensure proper ventilation and reduce mold exposure.'}","{'Avoid Exposure': 'Address and remediate mold issues in the environment.', 'Immediate Care': 'Seek medical attention if symptoms persist.'}","{'Primary Specialist': 'Allergist or immunologist.', 'Additional Specialists': 'Pulmonologist for managing severe respiratory symptoms.'}","{'Initial Care': 'Immediate management of symptoms and remediation of mold sources.', 'Ongoing Care': 'Regular monitoring of respiratory health.', 'Hospitalization': 'Required for severe symptoms or complications.'}","{'Monitoring': 'Regular assessments of respiratory function and environmental conditions.', 'Additional Tests': 'Allergy tests and imaging studies if needed.'}","{'Mold-Related Illnesses Management': 'Understanding the effects of mold exposure and preventive measures.', 'Lifestyle Adjustments': 'Importance of mold remediation and maintaining good indoor air quality.'}",Varies depending on severity and treatment adherence.
Petroleum Product Poisoning,Mild to Severe,"{'Early': 'Nausea, headache, dizziness.', 'Progressing': 'Vomiting, respiratory symptoms, confusion.', 'Severe': 'Severe respiratory distress, central nervous system effects.'}","{'First-Line': 'Symptomatic treatment and supportive care.', 'Alternative': 'Oxygen therapy for severe cases.'}","{'Balanced Diet': 'No specific dietary requirements.', 'Avoid Contaminants': 'Ensure proper handling and storage of petroleum products.'}","{'Avoid Exposure': 'Use protective equipment and follow safety guidelines.', 'Immediate Care': 'Seek medical attention if poisoning occurs.'}","{'Primary Specialist': 'Toxicologist.', 'Additional Specialists': 'Emergency medicine specialist if severe.'}","{'Initial Care': 'Immediate decontamination and management of symptoms.', 'Ongoing Care': 'Regular monitoring and supportive care.', 'Hospitalization': 'Required for severe symptoms or complications.'}","{'Monitoring': 'Regular assessments of health status.', 'Additional Tests': 'Blood tests and imaging studies if needed.'}","{'Petroleum Product Poisoning Management': 'Understanding the risks of petroleum exposure and preventive measures.', 'Lifestyle Adjustments': 'Importance of proper handling and safe storage.'}",Varies depending on severity and treatment adherence.
Radon Exposure,Mild to Severe,"{'Early': 'No immediate symptoms.', 'Progressing': 'Cough, chest pain, difficulty breathing.', 'Severe': 'Lung cancer, respiratory distress.'}","{'First-Line': 'Symptomatic treatment and management of respiratory symptoms.', 'Alternative': 'Oncology treatments if lung cancer is diagnosed.'}","{'Balanced Diet': 'Include foods rich in antioxidants to support lung health.', 'Avoid Contaminants': 'Minimize exposure to radon and ensure proper ventilation.'}","{'Avoid Exposure': 'Test homes for radon and use radon mitigation systems if necessary.', 'Immediate Care': 'Seek medical attention if symptoms develop.'}","{'Primary Specialist': 'Pulmonologist.', 'Additional Specialists': 'Oncologist if lung cancer or severe conditions develop.'}","{'Initial Care': 'Manage symptoms and reduce exposure to radon.', 'Ongoing Care': 'Regular monitoring of lung function and symptoms.', 'Hospitalization': 'Required for severe cases or complications.'}","{'Monitoring': 'Regular lung function tests and clinical evaluations.', 'Additional Tests': 'Chest X-rays and CT scans if symptoms persist.'}","{'Radon Exposure Management': 'Understanding the risks of radon exposure and preventive measures.', 'Lifestyle Adjustments': 'Importance of testing and mitigating radon levels in the home.'}",Varies depending on severity and treatment adherence.
Lead Poisoning,Mild to Severe,"{'Early': 'Abdominal pain, constipation, fatigue.', 'Progressing': 'Neurological symptoms, developmental delays in children.', 'Severe': 'Severe neurological damage, seizures, cognitive impairment.'}","{'First-Line': 'Chelating agents for lead removal, supportive care.', 'Alternative': 'Symptomatic treatment for complications.'}","{'Balanced Diet': 'Include foods rich in calcium and iron to reduce lead absorption.', 'Avoid Contaminants': 'Ensure a lead-free environment.'}","{'Avoid Exposure': 'Remove lead sources and use lead-free products.', 'Immediate Care': 'Seek medical attention if poisoning symptoms occur.'}","{'Primary Specialist': 'Toxicologist.', 'Additional Specialists': 'Pediatrician for children with lead poisoning.'}","{'Initial Care': 'Immediate decontamination and administration of chelating agents.', 'Ongoing Care': 'Regular monitoring and supportive care.', 'Hospitalization': 'Required for severe symptoms or complications.'}","{'Monitoring': 'Regular blood lead tests and follow-up care.', 'Additional Tests': 'Neurodevelopmental assessments for children.'}","{'Lead Poisoning Management': 'Understanding the sources of lead exposure and preventive measures.', 'Lifestyle Adjustments': 'Importance of maintaining a lead-free environment.'}",Varies depending on severity and treatment adherence.
Ozone Pollution Exposure,Mild to Severe,"{'Early': 'Cough, throat irritation, shortness of breath.', 'Progressing': 'Worsening respiratory symptoms, chest pain.', 'Severe': 'Severe respiratory distress, exacerbation of asthma.'}","{'First-Line': 'Bronchodilators, corticosteroids.', 'Alternative': 'Oxygen therapy for severe cases.'}","{'Balanced Diet': 'No specific dietary requirements.', 'Avoid Contaminants': 'Minimize exposure to ozone pollution and ensure good air quality.'}","{'Avoid Exposure': 'Avoid outdoor activities during high ozone levels.', 'Immediate Care': 'Seek medical attention if symptoms persist.'}","{'Primary Specialist': 'Pulmonologist.', 'Additional Specialists': 'Allergist or immunologist for respiratory conditions.'}","{'Initial Care': 'Immediate management of symptoms and reduction of exposure.', 'Ongoing Care': 'Regular monitoring of respiratory health.', 'Hospitalization': 'Required for severe symptoms or complications.'}","{'Monitoring': 'Regular lung function tests and clinical evaluations.', 'Additional Tests': 'Chest X-rays and CT scans if needed.'}","{'Ozone Pollution Exposure Management': 'Understanding the effects of ozone pollution on health and preventive measures.', 'Lifestyle Adjustments': 'Importance of avoiding exposure during high pollution days.'}",Varies depending on severity and treatment adherence.
Heavy Metal Poisoning,Mild to Severe,"{'Early': 'Nausea, headache, fatigue.', 'Progressing': 'Neurological symptoms, gastrointestinal issues.', 'Severe': 'Organ damage, severe neurological effects.'}","{'First-Line': 'Chelating agents for metal removal, supportive care.', 'Alternative': 'Symptomatic treatment for complications.'}","{'Balanced Diet': 'Include foods rich in nutrients to support detoxification.', 'Avoid Contaminants': 'Ensure a safe environment free from heavy metal exposure.'}","{'Avoid Exposure': 'Use protective equipment and follow safety guidelines.', 'Immediate Care': 'Seek medical attention if symptoms of poisoning occur.'}","{'Primary Specialist': 'Toxicologist.', 'Additional Specialists': 'Neurologist for severe neurological symptoms.'}","{'Initial Care': 'Immediate decontamination and administration of chelating agents.', 'Ongoing Care': 'Regular monitoring and supportive care.', 'Hospitalization': 'Required for severe symptoms or complications.'}","{'Monitoring': 'Regular blood tests and follow-up care.', 'Additional Tests': 'Organ function tests if needed.'}","{'Heavy Metal Poisoning Management': 'Understanding the risks of heavy metal exposure and preventive measures.', 'Lifestyle Adjustments': 'Importance of using protective equipment and avoiding contaminated sources.'}",Varies depending on severity and treatment adherence.
Chemical Burns,Mild to Severe,"{'Early': 'Redness, pain, and blistering.', 'Progressing': 'Severe pain, swelling, tissue damage.', 'Severe': 'Deep burns, systemic effects.'}","{'First-Line': 'Topical treatments, pain management.', 'Alternative': 'Systemic antibiotics if infection develops.'}","{'Balanced Diet': 'Include nutrients to support wound healing.', 'Avoid Contaminants': 'Ensure a clean environment to prevent infection.'}","{'Avoid Exposure': 'Use protective equipment and handle chemicals carefully.', 'Immediate Care': 'Seek medical attention immediately for severe burns.'}","{'Primary Specialist': 'Dermatologist or burn specialist.', 'Additional Specialists': 'Plastic surgeon for severe cases.'}","{'Initial Care': 'Immediate irrigation and decontamination of affected area.', 'Ongoing Care': 'Regular wound care and monitoring.', 'Hospitalization': 'Required for severe burns or complications.'}","{'Monitoring': 'Regular assessments of wound healing.', 'Additional Tests': 'Infection screening and burn assessments.'}","{'Chemical Burns Management': 'Understanding the risks of chemical exposure and immediate care measures.', 'Lifestyle Adjustments': 'Importance of using protective gear and safe handling of chemicals.'}",Varies depending on severity and treatment adherence.
Acid Rain Exposure,Mild to Severe,"{'Early': 'Respiratory irritation, eye discomfort.', 'Progressing': 'Worsening respiratory symptoms, skin irritation.', 'Severe': 'Severe respiratory distress, systemic effects.'}","{'First-Line': 'Symptomatic treatment and respiratory care.', 'Alternative': 'Oxygen therapy for severe cases.'}","{'Balanced Diet': 'No specific dietary requirements.', 'Avoid Contaminants': 'Ensure good air quality and avoid exposure.'}","{'Avoid Exposure': 'Minimize outdoor activities during high acid rain levels.', 'Immediate Care': 'Seek medical attention if symptoms develop.'}","{'Primary Specialist': 'Pulmonologist.', 'Additional Specialists': 'Allergist or immunologist for respiratory conditions.'}","{'Initial Care': 'Immediate management of symptoms and reduction of exposure.', 'Ongoing Care': 'Regular monitoring of respiratory health.', 'Hospitalization': 'Required for severe symptoms or complications.'}","{'Monitoring': 'Regular lung function tests and clinical evaluations.', 'Additional Tests': 'Chest X-rays and CT scans if needed.'}","{'Acid Rain Exposure Management': 'Understanding the effects of acid rain on health and preventive measures.', 'Lifestyle Adjustments': 'Importance of minimizing exposure during high acid rain periods.'}",Varies depending on severity and treatment adherence.
Dust Mite Allergy,Mild to Moderate,"{'Early': 'Sneezing, itchy eyes, nasal congestion.', 'Progressing': 'Worsening respiratory symptoms, cough.', 'Severe': 'Severe allergic reactions, asthma exacerbation.'}","{'First-Line': 'Antihistamines, nasal corticosteroids.', 'Alternative': 'Bronchodilators and immunotherapy for severe cases.'}","{'Balanced Diet': 'No specific dietary requirements.', 'Avoid Contaminants': 'Ensure proper cleaning and allergen control.'}","{'Avoid Exposure': 'Use dust mite-proof bedding and reduce indoor allergens.', 'Immediate Care': 'Seek medical attention if symptoms persist or worsen.'}","{'Primary Specialist': 'Allergist or immunologist.', 'Additional Specialists': 'Pulmonologist if asthma develops.'}","{'Initial Care': 'Immediate management of symptoms and allergen avoidance.', 'Ongoing Care': 'Regular monitoring of allergy symptoms and response to treatment.', 'Hospitalization': 'Rarely required unless severe reactions occur.'}","{'Monitoring': 'Regular assessments of allergy symptoms and treatment effectiveness.', 'Additional Tests': 'Allergy tests and spirometry if needed.'}","{'Dust Mite Allergy Management': 'Understanding the triggers and management of dust mite allergies.', 'Lifestyle Adjustments': 'Importance of maintaining a clean environment and avoiding allergens.'}",Varies depending on severity and treatment adherence.
Formaldehyde Exposure,Mild to Severe,"{'Early': 'Eye irritation, throat discomfort, coughing.', 'Progressing': 'Worsening respiratory symptoms, skin irritation.', 'Severe': 'Severe respiratory distress, systemic effects.'}","{'First-Line': 'Symptomatic treatment and respiratory care.', 'Alternative': 'Oxygen therapy for severe cases.'}","{'Balanced Diet': 'No specific dietary requirements.', 'Avoid Contaminants': 'Ensure good ventilation and reduce exposure.'}","{'Avoid Exposure': 'Use proper ventilation and avoid formaldehyde-containing products.', 'Immediate Care': 'Seek medical attention if symptoms develop.'}","{'Primary Specialist': 'Pulmonologist.', 'Additional Specialists': 'Allergist or immunologist for severe symptoms.'}","{'Initial Care': 'Immediate management of symptoms and reduction of exposure.', 'Ongoing Care': 'Regular monitoring of respiratory health.', 'Hospitalization': 'Required for severe symptoms or complications.'}","{'Monitoring': 'Regular lung function tests and clinical evaluations.', 'Additional Tests': 'Chest X-rays and CT scans if needed.'}","{'Formaldehyde Exposure Management': 'Understanding the effects of formaldehyde on health and preventive measures.', 'Lifestyle Adjustments': 'Importance of proper ventilation and avoiding exposure.'}",Varies depending on severity and treatment adherence.
Benzene Exposure,Mild to Severe,"{'Early': 'Headache, dizziness, drowsiness.', 'Progressing': 'Fatigue, abdominal pain, bleeding disorders.', 'Severe': 'Severe hematological effects, leukemia.'}","{'First-Line': 'Symptomatic treatment and supportive care.', 'Alternative': 'Chemotherapy if leukemia develops.'}","{'Balanced Diet': 'Include foods rich in nutrients to support overall health.', 'Avoid Contaminants': 'Minimize exposure to benzene and ensure proper handling.'}","{'Avoid Exposure': 'Use protective equipment and follow safety guidelines.', 'Immediate Care': 'Seek medical attention if symptoms of exposure occur.'}","{'Primary Specialist': 'Hematologist.', 'Additional Specialists': 'Oncologist if leukemia develops.'}","{'Initial Care': 'Immediate decontamination and management of symptoms.', 'Ongoing Care': 'Regular monitoring and supportive care.', 'Hospitalization': 'Required for severe symptoms or complications.'}","{'Monitoring': 'Regular blood tests and follow-up care.', 'Additional Tests': 'Bone marrow biopsy if leukemia develops.'}","{'Benzene Exposure Management': 'Understanding the risks of benzene exposure and preventive measures.', 'Lifestyle Adjustments': 'Importance of using protective equipment and avoiding contaminated sources.'}",Varies depending on severity and treatment adherence.
Asbestos-Related Diseases,Mild to Severe,"{'Early': 'Shortness of breath, dry cough.', 'Progressing': 'Chest pain, persistent cough, weight loss.', 'Severe': 'Pleural thickening, asbestosis, lung cancer.'}","{'First-Line': 'Symptomatic treatment and supportive care.', 'Alternative': 'Chemotherapy and targeted therapy for lung cancer.'}","{'Balanced Diet': 'Include nutrients to support lung health.', 'Avoid Contaminants': 'Minimize exposure to asbestos and maintain a clean environment.'}","{'Avoid Exposure': 'Use protective equipment and follow safety regulations in environments where asbestos is present.', 'Immediate Care': 'Seek medical attention if respiratory symptoms develop.'}","{'Primary Specialist': 'Pulmonologist.', 'Additional Specialists': 'Oncologist if lung cancer is diagnosed.'}","{'Initial Care': 'Immediate management of symptoms and reduction of exposure.', 'Ongoing Care': 'Regular monitoring of lung function and overall health.', 'Hospitalization': 'Required for severe cases or complications.'}","{'Monitoring': 'Regular assessments of lung function and symptom management.', 'Additional Tests': 'Chest X-rays and CT scans for monitoring disease progression.'}","{'Asbestos-Related Diseases Management': 'Understanding the risks of asbestos exposure and preventive measures.', 'Lifestyle Adjustments': 'Importance of avoiding asbestos and maintaining good lung health.'}",Varies depending on severity and treatment adherence.
Mercury Poisoning,Mild to Severe,"{'Early': 'Tremors, irritability, muscle weakness.', 'Progressing': 'Numbness, vision and hearing impairment, cognitive changes.', 'Severe': 'Severe neurological damage, renal failure.'}","{'First-Line': 'Chelating agents for mercury removal, supportive care.', 'Alternative': 'Symptomatic treatment for complications.'}","{'Balanced Diet': 'Include foods rich in vitamins and minerals to support detoxification.', 'Avoid Contaminants': 'Minimize exposure to mercury sources and ensure a safe environment.'}","{'Avoid Exposure': 'Use protective equipment and follow safety guidelines to prevent mercury exposure.', 'Immediate Care': 'Seek medical attention if symptoms of poisoning occur.'}","{'Primary Specialist': 'Toxicologist.', 'Additional Specialists': 'Neurologist for severe neurological symptoms.'}","{'Initial Care': 'Immediate decontamination and administration of chelating agents.', 'Ongoing Care': 'Regular monitoring and supportive care.', 'Hospitalization': 'Required for severe symptoms or complications.'}","{'Monitoring': 'Regular blood tests and follow-up care.', 'Additional Tests': 'Organ function tests and neurological assessments if needed.'}","{'Mercury Poisoning Management': 'Understanding the risks of mercury exposure and preventive measures.', 'Lifestyle Adjustments': 'Importance of using protective equipment and avoiding contaminated sources.'}",Varies depending on severity and treatment adherence.
Pesticide Poisoning,Mild to Severe,"{'Early': 'Headache, dizziness, nausea.', 'Progressing': 'Abdominal cramps, diarrhea, difficulty breathing.', 'Severe': 'Severe neurological symptoms, respiratory failure.'}","{'First-Line': 'Symptomatic treatment and antidotes if available.', 'Alternative': 'Supportive care and management of complications.'}","{'Balanced Diet': 'Include nutrients to support overall health and recovery.', 'Avoid Contaminants': 'Ensure a safe environment and avoid exposure to pesticides.'}","{'Avoid Exposure': 'Use protective gear and follow safety guidelines when handling pesticides.', 'Immediate Care': 'Seek medical attention if symptoms of poisoning occur.'}","{'Primary Specialist': 'Toxicologist.', 'Additional Specialists': 'Pulmonologist or neurologist if severe symptoms develop.'}","{'Initial Care': 'Immediate decontamination and management of symptoms.', 'Ongoing Care': 'Regular monitoring and supportive care.', 'Hospitalization': 'Required for severe symptoms or complications.'}","{'Monitoring': 'Regular assessments of symptoms and treatment response.', 'Additional Tests': 'Blood tests and organ function tests if needed.'}","{'Pesticide Poisoning Management': 'Understanding the risks of pesticide exposure and preventive measures.', 'Lifestyle Adjustments': 'Importance of using protective gear and avoiding contaminated areas.'}",Varies depending on severity and treatment adherence.
